year,state_po,district,candidate,party,candidatevotes,WINNER
2018,AL,1,Robert Kennedy Jr.,democrat,89226,Bradley Byrne
2018,AL,1,Bradley Byrne,republican,153228,
2018,AL,1,NA,NA,163,
2018,AL,2,Martha Roby,republican,138879,Martha Roby
2018,AL,2,Tabitha Isner,democrat,86931,
2018,AL,2,NA,NA,420,
2018,AL,3,Mike Rogers,republican,147770,Mike Rogers
2018,AL,3,Mallory Hagan,democrat,83996,
2018,AL,3,NA,NA,149,
2018,AL,4,Robert Aderholt,republican,184255,Robert Aderholt
2018,AL,4,Lee Auman,democrat,46492,
2018,AL,4,NA,NA,222,
2018,AL,5,Mo Brooks,republican,159063,Mo Brooks
2018,AL,5,Peter Joffrion,democrat,101388,
2018,AL,5,NA,NA,222,
2018,AL,6,Gary Palmer,republican,192542,Gary Palmer
2018,AL,6,Danner Kline,democrat,85644,
2018,AL,6,NA,NA,142,
2018,AL,7,Terri Sewell,democrat,185010,Terri Sewell
2018,AL,7,NA,NA,4153,
2018,AK,0,Alyse S. Galvin,democrat,131199,Don Young
2018,AK,0,Don Young,republican,149779,
2018,AK,0,NA,NA,1188,
2018,AZ,1,Wendy Rogers,republican,122784,Tom O'Halleran
2018,AZ,1,Tom O'Halleran,democrat,143240,
2018,AZ,1,NA,NA,65,
2018,AZ,2,Lea Marquez Peterson,republican,133083,Ann Kirkpatrick
2018,AZ,2,Ann Kirkpatrick,democrat,161000,
2018,AZ,2,NA,NA,69,
2018,AZ,3,"Nicolas """"Nick"""" Pierson",republican,64868,Raul Grijalva
2018,AZ,3,Raul Grijalva,democrat,114650,
2018,AZ,4,Paul Gosar,republican,188842,Paul Gosar
2018,AZ,4,David Brill,democrat,84521,
2018,AZ,4,Haryaksha Gregor Knauer,green,3672,
2018,AZ,5,Andy Biggs,republican,186037,Andy Biggs
2018,AZ,5,Joan Greene,democrat,127027,
2018,AZ,6,David Schweikert,republican,173140,David Schweikert
2018,AZ,6,Anita Malik,democrat,140559,
2018,AZ,7,Ruben Gallego,democrat,113044,Ruben Gallego
2018,AZ,7,Gary Swing,green,18706,
2018,AZ,7,NA,NA,301,
2018,AZ,8,Debbie Lesko,republican,168835,Debbie Lesko
2018,AZ,8,Hiral Tipirneni,democrat,135569,
2018,AZ,8,Steven Hummel,NA,13,
2018,AZ,9,Stephen L Ferrara,republican,101662,Greg Stanton
2018,AZ,9,Greg Stanton,democrat,159583,
2018,AR,1,Rick Crawford,republican,138757,Rick Crawford
2018,AR,1,Chintan Desai,democrat,57907,
2018,AR,1,Elvis Presley,libertarian,4581,
2018,AR,2,French Hill,republican,132125,French Hill
2018,AR,2,Joe Ryne Swafford,libertarian,5193,
2018,AR,2,Clarke Tucker,democrat,116135,
2018,AR,3,Michael J. Kalagias,libertarian,5899,Steve Womack
2018,AR,3,Josh Mahony,democrat,74952,
2018,AR,3,Steve Womack,republican,148717,
2018,AR,3,NA,NA,140,
2018,AR,4,Tom Canada,libertarian,3952,Bruce Westerman
2018,AR,4,Hayden Catherine Shamel,democrat,63984,
2018,AR,4,Bruce Westerman,republican,136740,
2018,AR,4,NA,NA,216,
2018,CA,1,Audrey Denney,democrat,131548,Doug La Malfa
2018,CA,1,Doug La Malfa,republican,160046,
2018,CA,2,Dale K. Mensing,republican,72576,Jared Huffman
2018,CA,2,Jared Huffman,democrat,243081,
2018,CA,3,Charlie Schaupp,republican,97376,John Garamendi
2018,CA,3,John Garamendi,democrat,134875,
2018,CA,4,Jessica Morse,democrat,156253,Tom McClintock
2018,CA,4,Tom McClintock,republican,184401,
2018,CA,5,Anthony Mills,no party preference,55158,Mike Thompson
2018,CA,5,Mike Thompson,democrat,205860,
2018,CA,6,Doris Matsui,democrat,162411,Doris Matsui
2018,CA,6,Jrmar Jefferson,democrat,39528,
2018,CA,7,Ami Bera,democrat,155016,Ami Bera
2018,CA,7,Andrew Grant,republican,126601,
2018,CA,8,Paul Cook,republican,102415,Paul Cook
2018,CA,8,Tim Donnelly,republican,68370,
2018,CA,9,Jerry McNerney,democrat,113414,Jerry McNerney
2018,CA,9,Marla Livengood,republican,87349,
2018,CA,10,Jeff Denham,republican,105955,Josh Harder
2018,CA,10,Josh Harder,democrat,115945,
2018,CA,11,John Fitzgerald,republican,71312,Mark DeSaulnier
2018,CA,11,Mark DeSaulnier,democrat,204369,
2018,CA,12,Lisa Remmer,republican,41780,Nancy Pelosi
2018,CA,12,Nancy Pelosi,democrat,275292,
2018,CA,13,Barbara Lee,democrat,260580,Barbara Lee
2018,CA,13,Laura Wells,green,34257,
2018,CA,14,Cristina Osmena,republican,55439,Jackie Speier
2018,CA,14,Jackie Speier,democrat,211384,
2018,CA,15,Eric Swalwell,democrat,177989,Eric Swalwell
2018,CA,15,Rudy L. Peters Jr.,republican,65940,
2018,CA,16,Elizabeth Heng,republican,60693,Jim Costa
2018,CA,16,Jim Costa,democrat,82266,
2018,CA,17,Ro Khanna,democrat,159105,Ro Khanna
2018,CA,17,Ron Cohen,republican,52057,
2018,CA,18,Anna G. Eshoo,democrat,225142,Anna G. Eshoo
2018,CA,18,Christine Russell,republican,77096,
2018,CA,19,Justin James Aguilera,republican,57823,Zoe Lofgren
2018,CA,19,Zoe Lofgren,democrat,162496,
2018,CA,20,Jimmy Panetta,democrat,183677,Jimmy Panetta
2018,CA,20,Ronald Paul Kabat,no party preference,42044,
2018,CA,21,David G. Valadao,republican,56377,TJ Cox
2018,CA,21,TJ Cox,democrat,57239,
2018,CA,22,Andrew Janz,democrat,105136,Devin G. Nunes
2018,CA,22,Devin G. Nunes,republican,117243,
2018,CA,23,Kevin McCarthy,republican,131113,Kevin McCarthy
2018,CA,23,Tatiana Matta,democrat,74661,
2018,CA,24,Justin Fareed,republican,117881,Salud Carbajal
2018,CA,24,Salud Carbajal,democrat,166550,
2018,CA,25,Katie Hill,democrat,133209,Katie Hill
2018,CA,25,Steve Knight,republican,111813,
2018,CA,26,"Antonio Sabato, Jr.",republican,97210,Julia Brownley
2018,CA,26,Julia Brownley,democrat,158216,
2018,CA,27,Bryan Witt,democrat,42132,Judy Chu
2018,CA,27,Judy Chu,democrat,160504,
2018,CA,28,Adam B. Schiff,democrat,196662,Adam B. Schiff
2018,CA,28,Johnny J. Nalbandian,republican,54272,
2018,CA,29,Benito Benny Bernal,republican,29995,Tony Cardenas
2018,CA,29,Tony Cardenas,democrat,124697,
2018,CA,30,Brad Sherman,democrat,191573,Brad Sherman
2018,CA,30,Mark S. Reed,republican,69420,
2018,CA,31,Pete Aguilar,democrat,110143,Pete Aguilar
2018,CA,31,Sean Flynn,republican,77352,
2018,CA,32,Grace Flores Napolitano,democrat,121759,Grace Flores Napolitano
2018,CA,32,Joshua M. Scott,republican,55272,
2018,CA,33,Kenneth Weston Wright,republican,93769,Ted W. Lieu
2018,CA,33,Ted W. Lieu,democrat,219091,
2018,CA,34,Jimmy Gomez,democrat,110195,Jimmy Gomez
2018,CA,34,Kenneth Mejia,green,41711,
2018,CA,35,Christian Leonel Valiente,republican,45604,Norma J. Torres
2018,CA,35,Norma J. Torres,democrat,103420,
2018,CA,36,Kimberlin Brown Pelzer,republican,84839,Raul Ruiz
2018,CA,36,Raul Ruiz,democrat,122169,
2018,CA,37,Karen Bass,democrat,210555,Karen Bass
2018,CA,37,Ron J. Bassilian,republican,25823,
2018,CA,38,Linda T. Sanchez,democrat,139188,Linda T. Sanchez
2018,CA,38,Ryan Downing,republican,62968,
2018,CA,39,Gil Cisneros,democrat,126002,Gil Cisneros
2018,CA,39,Young Kim,republican,118391,
2018,CA,40,Lucille Roybal-Allard,democrat,93938,Lucille Roybal-Allard
2018,CA,40,Rodolfo Cortes Barragan,green,27511,
2018,CA,41,Aja Smith,republican,58021,Mark Takano
2018,CA,41,Mark Takano,democrat,108227,
2018,CA,42,Julia C Peacock,democrat,100892,Ken Calvert
2018,CA,42,Ken Calvert,republican,131040,
2018,CA,43,Maxine Waters,democrat,152272,Maxine Waters
2018,CA,43,Omar Navarro,republican,43780,
2018,CA,44,Aja L. Brown,democrat,45378,Nanette Diaz Barragan
2018,CA,44,Nanette Diaz Barragan,democrat,97944,
2018,CA,45,Katie Porter,democrat,158906,Katie Porter
2018,CA,45,Mimi Walters,republican,146383,
2018,CA,46,Lou Correa,democrat,102278,Lou Correa
2018,CA,46,Russell Rene Lambert,republican,45638,
2018,CA,47,Alan Lowenthal,democrat,143354,Alan Lowenthal
2018,CA,47,John Briscoe,republican,77682,
2018,CA,48,Dana Rohrabacher,republican,136899,Harley Rouda
2018,CA,48,Harley Rouda,democrat,157837,
2018,CA,49,Diane L. Harkey,republican,128577,Mike Levin
2018,CA,49,Mike Levin,democrat,166453,
2018,CA,50,Ammar Campa-Najjar,democrat,125448,Duncan Hunter
2018,CA,50,Duncan Hunter,republican,134362,
2018,CA,51,Juan M. Hidalgo Jr.,republican,44301,Juan Vargas
2018,CA,51,Juan Vargas,democrat,109527,
2018,CA,52,Omar Qudrat,republican,107015,Scott Peters
2018,CA,52,Scott Peters,democrat,188992,
2018,CA,53,Morgan Murtaugh,republican,83127,Susan A. Davis
2018,CA,53,Susan A. Davis,democrat,185667,
2018,CO,1,Charles Casper Stockham,republican,85207,Diana DeGette
2018,CO,1,Diana DeGette,democrat,272886,
2018,CO,1,Raymon Anthony Doane,libertarian,11600,
2018,CO,2,Joe Neguse,democrat,259608,Joe Neguse
2018,CO,2,Peter Yu,republican,144901,
2018,CO,2,Roger Barris,libertarian,9749,
2018,CO,2,Nick Thomas,independent,16356,
2018,CO,3,Scott R. Tipton,republican,173205,Scott R. Tipton
2018,CO,3,Diane Mitsch Bush,democrat,146426,
2018,CO,3,Gaylon Kent,libertarian,5727,
2018,CO,3,Mary M. Malarsie,independent,10831,
2018,CO,4,Karen McCormick,democrat,145544,Ken Buck
2018,CO,4,Ken Buck,republican,224038,
2018,CO,5,Stephany Rose Spaulding,democrat,126848,Doug Lamborn
2018,CO,5,Doug Lamborn,republican,184002,
2018,CO,5,Douglas Randall,libertarian,11795,
2018,CO,6,Mike Coffman,republican,148685,Jason Crow
2018,CO,6,Jason Crow,democrat,187639,
2018,CO,6,Kat Martin,libertarian,5886,
2018,CO,6,Dan Chapin,unaffiliated,4607,
2018,CO,7,Ed Perlmutter,democrat,204260,Ed Perlmutter
2018,CO,7,Mark Barrington,republican,119734,
2018,CO,7,Jennifer Nackerud,libertarian,14012,
2018,CT,1,John B Larson,democrat,166155,John B Larson
2018,CT,1,Jennifer T Nye,republican,96024,
2018,CT,1,John B Larson,working families,8932,
2018,CT,1,Thomas McCormick,green,3029,
2018,CT,2,Joe Courtney,democrat,167659,Joe Courtney
2018,CT,2,Danny Postemski Jr,republican,102483,
2018,CT,2,Joe Courtney,working families,12072,
2018,CT,2,Daniel Reale,libertarian,3305,
2018,CT,2,Michelle Louise Bicking,green,3595,
2018,CT,3,Rosa L DeLauro,democrat,163211,Rosa L DeLauro
2018,CT,3,Angel Cadena,republican,95667,
2018,CT,3,Rosa L DeLauro,working families,11361,
2018,CT,4,Jim Himes,democrat,168726,Jim Himes
2018,CT,4,Harry Arora,republican,103175,
2018,CT,4,Harry Arora,independent,3746,
2018,CT,4,NA,NA,4,
2018,CT,5,Jahana Hayes,democrat,142901,Jahana Hayes
2018,CT,5,Manny Santos,republican,115146,
2018,CT,5,Jahana Hayes,working families,8324,
2018,CT,5,Manny Santos,independent,4280,
2018,CT,5,NA,NA,13,
2018,DE,0,Lisa Blunt Rochester,democrat,227353,Lisa Blunt Rochester
2018,DE,0,Scott Walker,republican,125384,
2018,FL,1,Jennifer M. Zimmerman,democrat,106199,Matt Gaetz
2018,FL,1,Matt Gaetz,republican,216189,
2018,FL,2,Bob Rackleff,democrat,96233,Neal Dunn
2018,FL,2,Neal Dunn,republican,199335,
2018,FL,3,Ted Yoho,republican,176616,Ted Yoho
2018,FL,3,Yvonne Hayes Hinson,democrat,129880,
2018,FL,4,George 'Ges' Selmont,democrat,123351,John H. Rutherford
2018,FL,4,Jason Michael Bulger,no party affiliation,2321,
2018,FL,4,Joceline Berrios,no party affiliation,7155,
2018,FL,4,John H. Rutherford,republican,248420,
2018,FL,4,NA,NA,2,
2018,FL,5,Al Lawson,democrat,180527,Al Lawson
2018,FL,5,Virginia Fuller,republican,89799,
2018,FL,6,Michael Waltz,republican,187891,Michael Waltz
2018,FL,6,Nancy Soderberg,democrat,145758,
2018,FL,7,Mike Miller,republican,134285,Stephanie Murphy
2018,FL,7,Stephanie Murphy,democrat,183113,
2018,FL,8,Bill Posey,republican,218112,Bill Posey
2018,FL,8,Sanjay Patel,democrat,142415,
2018,FL,9,Darren Soto,democrat,172172,Darren Soto
2018,FL,9,Wayne Liebnitzky,republican,124565,
2018,FL,10,Val Demings,democrat,1,Val Demings
2018,FL,11,Dana Cottrell,democrat,128053,Daniel Webster
2018,FL,11,Daniel Webster,republican,239395,
2018,FL,11,NA,NA,58,
2018,FL,12,Angelika Purkis,no party affiliation,7510,Gus Michael Bilirakis
2018,FL,12,Chris Hunter,democrat,132844,
2018,FL,12,Gus Michael Bilirakis,republican,194564,
2018,FL,13,Charlie Crist,democrat,182717,Charlie Crist
2018,FL,13,George Buck,republican,134254,
2018,FL,14,Kathy Castor,democrat,1,Kathy Castor
2018,FL,15,Kristen Carlson,democrat,134132,Ross Spano
2018,FL,15,Ross Spano,republican,151380,
2018,FL,15,NA,NA,20,
2018,FL,16,David Shapiro,democrat,164463,Vern Buchanan
2018,FL,16,Vern Buchanan,republican,197483,
2018,FL,17,Allen Ellison,democrat,117194,Greg Steube
2018,FL,17,Greg Steube,republican,193326,
2018,FL,18,Brian Mast,republican,185905,Brian Mast
2018,FL,18,Lauren Baer,democrat,156454,
2018,FL,19,David Holden,democrat,128106,Francis Rooney
2018,FL,19,Francis Rooney,republican,211465,
2018,FL,19,NA,NA,36,
2018,FL,20,Alcee L. Hastings,democrat,202659,Alcee L. Hastings
2018,FL,20,Jay Bonner,no party affiliation,165,
2018,FL,21,Lois Frankel,democrat,1,Lois Frankel
2018,FL,22,Nicolas Kimaz,republican,113049,Ted Deutch
2018,FL,22,Ted Deutch,democrat,184634,
2018,FL,23,Debbie Wasserman Schultz,democrat,161611,Debbie Wasserman Schultz
2018,FL,23,Don Endriss,no party affiliation,1612,
2018,FL,23,Joseph 'Joe' Kaufman,republican,99446,
2018,FL,23,Timothy A. 'Tim' Canova,no party affiliation,13697,
2018,FL,24,Frederica Wilson,democrat,1,Frederica Wilson
2018,FL,25,Mario Diaz-Balart,republican,128672,Mario Diaz-Balart
2018,FL,25,Mary Barzee Flores,democrat,84173,
2018,FL,26,Carlos Curbelo,republican,115678,Debbie Mucarsel-Powell
2018,FL,26,Debbie Mucarsel-Powell,democrat,119797,
2018,FL,27,Donna Shalala,democrat,130743,Donna Shalala
2018,FL,27,Maria Elvira Salazar,republican,115588,
2018,FL,27,Mayra Joli,no party affiliation,6255,
2018,GA,1,"Earl L. """"""""Buddy"""""""" Carter",republican,144741,"Earl L. """"""""Buddy"""""""" Carter"
2018,GA,1,Lisa M. Ring,democrat,105942,
2018,GA,2,Herman West Jr,republican,92472,Sanford Bishop
2018,GA,2,Sanford Bishop,democrat,136699,
2018,GA,3,Drew Ferguson,republican,191996,Drew Ferguson
2018,GA,3,Chuck Enderlin,democrat,101010,
2018,GA,4,Joe Profit,republican,61092,"Henry C """"""""Hank"""""""" Johnson Jr"
2018,GA,4,"Henry C """"""""Hank"""""""" Johnson Jr",democrat,227717,
2018,GA,5,John R. Lewis,democrat,275406,John R. Lewis
2018,GA,6,Karen Handel,republican,156875,Lucy McBath
2018,GA,6,Lucy McBath,democrat,160139,
2018,GA,6,NA,NA,18,
2018,GA,7,Rob Woodall,republican,140430,Rob Woodall
2018,GA,7,Carolyn Bourdeaux,democrat,140011,
2018,GA,8,Austin Scott,republican,198152,Austin Scott
2018,GA,8,NA,NA,564,
2018,GA,9,Doug Collins,republican,224661,Doug Collins
2018,GA,9,Josh McCall,democrat,57912,
2018,GA,9,NA,NA,5,
2018,GA,10,Jody Hice,republican,190396,Jody Hice
2018,GA,10,Tabitha A. Johnson-Green,democrat,112339,
2018,GA,11,Barry Loudermilk,republican,191887,Barry Loudermilk
2018,GA,11,Flynn D. Broady Jr,democrat,118653,
2018,GA,12,Rick W. Allen,republican,148986,Rick W. Allen
2018,GA,12,Francys Johnson,democrat,101503,
2018,GA,12,NA,NA,3,
2018,GA,13,David Callahan,republican,69760,David Scott
2018,GA,13,David Scott,democrat,223157,
2018,GA,13,NA,NA,93,
2018,GA,14,Tom Graves,republican,175743,Tom Graves
2018,GA,14,Steven Lamar Foster,democrat,53981,
2018,HI,1,Ed Case,democrat,134650,Ed Case
2018,HI,1,Cam Cavasso,republican,42498,
2018,HI,1,Michelle Rose Tippens,libertarian,3498,
2018,HI,1,Zachary B. Burd,green,2214,
2018,HI,1,Calvin C. Griffin,nonpartisan,1351,
2018,HI,2,Tulsi Gabbard,democrat,153271,Tulsi Gabbard
2018,HI,2,Brian Evans,republican,44850,
2018,ID,1,Gordon Counsil,independent,1054,Russ Fulcher
2018,ID,1,Paul Farmer,independent,4479,
2018,ID,1,Natalie M. Fleming,independent,6188,
2018,ID,1,Russ Fulcher,republican,197719,
2018,ID,1,W. Scott Howard,libertarian,5435,
2018,ID,1,Cristina McNeil,democrat,96922,
2018,ID,1,Pro-Life,constitution,3181,
2018,ID,1,NA,NA,91,
2018,ID,2,Mike Simpson,republican,170274,Mike Simpson
2018,ID,2,Aaron Swisher,democrat,110381,
2018,IL,1,Bobby L. Rush,democrat,189560,Bobby L. Rush
2018,IL,1,"Jimmy Lee Tillman, Ii",republican,50960,
2018,IL,1,Thomas Rudbeck,independent,17365,
2018,IL,1,NA,NA,0,
2018,IL,2,David Merkle,republican,44567,Robin Kelly
2018,IL,2,Robin Kelly,democrat,190684,
2018,IL,3,Arthur J. Jones,republican,57885,Daniel William Lipinski
2018,IL,3,Daniel William Lipinski,democrat,163053,
2018,IL,3,NA,NA,2396,
2018,IL,4,Jesus \Chuy\ Garcia,democrat,143895,Jesus \Chuy\ Garcia
2018,IL,4,Mark Wayne Lorch,republican,22294,
2018,IL,5,Mike Quigley,democrat,213992,Mike Quigley
2018,IL,5,Tom Hanson,republican,65134,
2018,IL,5,NA,NA,5,
2018,IL,6,Peter J. Roskam,republican,146445,
2018,IL,6,Sean Casten,democrat,169001,Sean Casten
2018,IL,6,NA,NA,0,
2018,IL,7,Craig Cameron,republican,30497,Danny K. Davis
2018,IL,7,Danny K. Davis,democrat,215746,
2018,IL,8,Jitendra \Jd\ Diganvker,republican,67073,Raja Krishnamoorthi
2018,IL,8,Raja Krishnamoorthi,democrat,130054,
2018,IL,9,Janice D. Schakowsky,democrat,213368,Janice D. Schakowsky
2018,IL,9,John D. Elleson,republican,76983,
2018,IL,10,Brad Schneider,democrat,156540,Brad Schneider
2018,IL,10,Douglas R. Bennett,republican,82124,
2018,IL,11,Bill Foster,democrat,145407,Bill Foster
2018,IL,11,Nick Stella,republican,82358,
2018,IL,12,Brendan Kelly,democrat,118724,Mike Bost
2018,IL,12,Mike Bost,republican,134884,
2018,IL,12,Randy Auxier,green,7935,
2018,IL,13,Betsy Dirksen Londrigan,democrat,134458,Rodney Davis
2018,IL,13,Rodney Davis,republican,136516,
2018,IL,13,NA,NA,7,
2018,IL,14,Lauren Underwood,democrat,156035,Lauren Underwood
2018,IL,14,Randall M. \Randy\ Hultgren,republican,141164,
2018,IL,15,John M. Shimkus,republican,181294,John M. Shimkus
2018,IL,15,Kevin Gaither,democrat,74309,
2018,IL,15,NA,NA,5,
2018,IL,16,Adam Kinzinger,republican,151254,Adam Kinzinger
2018,IL,16,Sara Dady,democrat,104569,
2018,IL,16,NA,NA,2,
2018,IL,17,Cheri Bustos,democrat,142659,Cheri Bustos
2018,IL,17,William W. \Bill\ Fawell,republican,87090,
2018,IL,18,Darin Lahood,republican,195927,Darin Lahood
2018,IL,18,Junius Rodriguez,democrat,95486,
2018,IN,1,Peter J. Visclosky,democrat,159611,Peter J. Visclosky
2018,IN,1,Mark Leyva,republican,85594,
2018,IN,1,NA,NA,4,
2018,IN,2,Jackie Walorski,republican,125499,Jackie Walorski
2018,IN,2,Mel Hall,democrat,103363,
2018,IN,2,NA,NA,27,
2018,IN,3,Jim Banks,republican,158927,Jim Banks
2018,IN,3,Courtney Tritch,democrat,86610,
2018,IN,4,Jim Baird,republican,156539,Jim Baird
2018,IN,4,Tobi Beck,democrat,87824,
2018,IN,5,Susan W. Brooks,republican,180035,Susan W. Brooks
2018,IN,5,Dee Thornton,democrat,137142,
2018,IN,6,Greg Pence,republican,154260,Greg Pence
2018,IN,6,Jeannine Lee Lake,democrat,79430,
2018,IN,6,Tom Ferkinhoff,libertarian,8030,
2018,IN,6,NA,NA,6,
2018,IN,7,Andre D. Carson,democrat,141139,Andre D. Carson
2018,IN,7,"Wayne """"Gunny"""" Harmon",republican,76457,
2018,IN,8,Larry D. Bucshon,republican,157396,Larry D. Bucshon
2018,IN,8,William Tanoos,democrat,86895,
2018,IN,9,Trey Hollingsworth,republican,153271,Trey Hollingsworth
2018,IN,9,Liz Watson,democrat,118090,
2018,IA,1,Rod Blum,republican,153442,Abby Finkenauer
2018,IA,1,Abby Finkenauer,democrat,170342,
2018,IA,1,Troy Hageman,libertarian,10285,
2018,IA,1,NA,NA,174,
2018,IA,2,Christopher Peters,republican,133287,Dave Loebsack
2018,IA,2,Dave Loebsack,democrat,171446,
2018,IA,2,Mark David Strauss,libertarian,6181,
2018,IA,2,Daniel Clark,independent,1837,
2018,IA,2,NA,NA,162,
2018,IA,3,David Young,republican,167933,Cindy Axne
2018,IA,3,Cindy Axne,democrat,175642,
2018,IA,3,Bryan Jack Holder,libertarian,7267,
2018,IA,3,Paul Knupp,green,1888,
2018,IA,3,Mark Elworth Jr.,legal medical now,2015,
2018,IA,3,Joe Grandanette,independent,1301,
2018,IA,3,NA,NA,195,
2018,IA,4,Steve King,republican,157676,Steve King
2018,IA,4,J.D. Scholten,democrat,147246,
2018,IA,4,Charles Aldrich,libertarian,6161,
2018,IA,4,Edward Peterson,independent,1962,
2018,IA,4,NA,NA,206,
2018,KS,1,Alan LaPolice,democrat,71558,Roger Marshall
2018,KS,1,Roger Marshall,republican,153082,
2018,KS,2,Kelly Standley,libertarian,14731,Steve Watkins
2018,KS,2,Paul Davis,democrat,123859,
2018,KS,2,Steve Watkins,republican,126098,
2018,KS,3,Chris Clemmons,libertarian,8021,Sharice Davids
2018,KS,3,Kevin Yoder,republican,139762,
2018,KS,3,Sharice Davids,democrat,170518,
2018,KS,4,James A. Thompson,democrat,98445,Ron Estes
2018,KS,4,Ron Estes,republican,144248,
2018,KY,1,James R. Comer,republican,172167,James R. Comer
2018,KY,1,Paul Walker,democrat,78849,
2018,KY,2,S. Brett Guthrie,republican,171700,S. Brett Guthrie
2018,KY,2,Hank Linderman,democrat,79964,
2018,KY,2,Thomas A. Loecken,independent,5681,
2018,KY,3,John A. Yarmuth,democrat,173002,John A. Yarmuth
2018,KY,3,Vickie Yates B. Glisson,republican,101930,
2018,KY,3,Gregory Boles,libertarian,3788,
2018,KY,4,Thomas Massie,republican,162946,Thomas Massie
2018,KY,4,Seth Hall,democrat,90536,
2018,KY,4,Mike Moffett,independent,8318,
2018,KY,4,NA,NA,12,
2018,KY,5,"Harold """"Hal"""" Rogers",republican,172093,"Harold """"Hal"""" Rogers"
2018,KY,5,Kenneth S. Stepp,democrat,45890,
2018,KY,5,NA,NA,34,
2018,KY,6,Andy Barr,republican,154468,Andy Barr
2018,KY,6,Amy McGrath,democrat,144736,
2018,KY,6,Frank Harris,libertarian,2150,
2018,KY,6,Rikka L. Wallin,independent,1011,
2018,KY,6,James Germalic,independent,523,
2018,LA,1,Lee Ann Dugas,democrat,18560,Steve Scalise
2018,LA,1,"""""Jim"""" Francis",democrat,8688,
2018,LA,1,"Frederick """"Ferd"""" Jones",independent,2443,
2018,LA,1,Howard Kearney,libertarian,2806,
2018,LA,1,Tammy M. Savoie,democrat,44273,
2018,LA,1,Steve Scalise,republican,192555,
2018,LA,2,"Belden """"Noonie Man"""" Batiste",independent,17260,Cedric Richmond
2018,LA,2,Cedric Richmond,democrat,190182,
2018,LA,2,Shawndra Rodriguez,no party,8075,
2018,LA,2,Jesse Schmidt,no party,20465,
2018,LA,3,"""""Rob"""" Anderson",democrat,13477,Clay Higgins
2018,LA,3,Aaron J. Andrus,libertarian,2967,
2018,LA,3,"""""Josh"""" Guillory",republican,31387,
2018,LA,3,Clay Higgins,republican,136876,
2018,LA,3,"Mildred """"Mimi"""" Methvin",democrat,43729,
2018,LA,3,Larry Rader,democrat,9692,
2018,LA,3,Verone Thomas,democrat,7815,
2018,LA,4,Mark David Halverson,no party,4612,"""""Mike"""" Johnson"
2018,LA,4,"""""Mike"""" Johnson",republican,139326,
2018,LA,4,Ryan Trundle,democrat,72934,
2018,LA,5,Ralph Abraham,republican,149018,Ralph Abraham
2018,LA,5,Billy Burkette,independent,4799,
2018,LA,5,Jessee Carlton Fleenor,democrat,67118,
2018,LA,5,Kyle Randol,libertarian,3011,
2018,LA,6,Justin Dewitt,democrat,55089,Garret Graves
2018,LA,6,Devin Lance Graham,independent,5256,
2018,LA,6,Garret Graves,republican,186553,
2018,LA,6,"""""Andie"""" Saizan",democrat,21627,
2018,ME,1,Martin J. Grohman,independent,29670,Chellie Pingree
2018,ME,1,Mark I. Holbrook,republican,111188,
2018,ME,1,Chellie Pingree,democrat,201195,
2018,ME,2,Jared F. Golden,democrat,139231,Jared F. Golden
2018,ME,2,Bruce Poliquin,republican,136326,
2018,MD,1,Andy Harris,republican,"183,662",Andy Harris
2018,MD,1,Jenica Martin,libertarian,"5,744",
2018,MD,1,Jesse Colvin,democrat,"116,631",
2018,MD,1,NA,NA,95,
2018,MD,2,C.A. Dutch Ruppersberger,democrat,"167,201",C.A. Dutch Ruppersberger
2018,MD,2,Guy Mimoun,green,"2,904",
2018,MD,2,Liz Matory,republican,"77,782",Liz Matory
2018,MD,2,Michael Carney,libertarian,"5,215",
2018,MD,2,NA,NA,147,
2018,MD,3,Charles Anthony,republican,"82,774",John Sarbanes
2018,MD,3,David Lashar,libertarian,"7,476",
2018,MD,3,John Sarbanes,democrat,"202,407",
2018,MD,3,NA,NA,136,
2018,MD,4,Anthony G. Brown,democrat,"209,642",Anthony G. Brown
2018,MD,4,Dave Bishop,libertarian,"5,326",
2018,MD,4,George McDermott,republican,"53,327",
2018,MD,4,NA,NA,167,
2018,MD,5,Jacob Pulcher,libertarian,"3,592",Steny H. Hoyer
2018,MD,5,Patrick J. Elder,green,"4,082",
2018,MD,5,Steny H. Hoyer,democrat,"213,796",
2018,MD,5,"William A. Devine, III",republican,"82,361",
2018,MD,5,NA,NA,244,
2018,MD,6,Amie Hoeber,republican,"105,209",David Trone
2018,MD,6,David Trone,democrat,"163,346",
2018,MD,6,George Gluck,green,"3,275",
2018,MD,6,Kevin T. Caldwell,libertarian,"4,972",
2018,MD,6,NA,NA,172,
2018,MD,7,David R. Griggs,libertarian,"5,827",Elijah Cummings
2018,MD,7,Elijah Cummings,democrat,"202,345",
2018,MD,7,Richmond Davis,republican,"56,266",
2018,MD,7,NA,NA,178,
2018,MD,8,Jamie Raskin,democrat,"217,679",Jamie Raskin
2018,MD,8,Jasen Wunder,libertarian,"4,853",
2018,MD,8,John Walsh,republican,"96,525",
2018,MD,8,NA,NA,171,
2018,MA,1,Richard E. Neal,democrat,211790,Richard E. Neal
2018,MA,1,NA,NA,5110,
2018,MA,2,James P. McGovern,democrat,191332,James P. McGovern
2018,MA,2,Tracy Lyn Lovvorn,republican,93391,
2018,MA,2,NA,NA,170,
2018,MA,3,Lori Loureiro Trahan,democrat,173175,Lori Loureiro Trahan
2018,MA,3,Rick Green,republican,93445,
2018,MA,3,Michael P. Mullen,unenrolled,12572,
2018,MA,3,NA,NA,135,
2018,MA,4,"Joseph P. Kennedy, III",democrat,245289,"Joseph P. Kennedy, III"
2018,MA,4,NA,NA,5727,
2018,MA,5,Katherine M. Clark,democrat,236243,Katherine M. Clark
2018,MA,5,John Hugo,republican,74856,
2018,MA,5,NA,NA,225,
2018,MA,6,Seth W. Moulton,democrat,217703,Seth W. Moulton
2018,MA,6,Joseph S. Schneider,republican,104798,
2018,MA,6,Mary Jean Charbonneau,unenrolled,11309,
2018,MA,6,NA,NA,165,
2018,MA,7,Ayanna S. Pressley,democrat,216559,Ayanna S. Pressley
2018,MA,7,NA,NA,3852,
2018,MA,8,Stephen F. Lynch,democrat,259159,Stephen F. Lynch
2018,MA,8,NA,NA,4148,
2018,MA,9,Bill Keating,democrat,192347,Bill Keating
2018,MA,9,Peter D. Tedeschi,republican,131463,
2018,MA,9,NA,NA,118,
2018,MI,1,Jack Bergman,republican,187251,Jack Bergman
2018,MI,1,Matthew W. Morgan,democrat,145246,
2018,MI,2,Bill Huizenga,republican,168970,Bill Huizenga
2018,MI,2,Rob Davidson,democrat,131254,
2018,MI,2,Ronald E. Graeser,us taxpayers,5239,
2018,MI,3,Cathy Albro,democrat,134185,Justin Amash
2018,MI,3,Justin Amash,republican,169107,
2018,MI,3,Ted Gerrard,us taxpayers,7445,
2018,MI,3,NA,NA,3,
2018,MI,4,Jerry Hilliard,democrat,106540,John Moolenaar
2018,MI,4,John Moolenaar,republican,178510,
2018,MI,5,Daniel T. Kildee,democrat,164502,Daniel T. Kildee
2018,MI,5,Kathy Goodwin,working class,12646,
2018,MI,5,Travis Wines,republican,99265,
2018,MI,6,Fred Upton,republican,147436,Fred Upton
2018,MI,6,Matt Longjohn,democrat,134082,
2018,MI,6,Stephen J. Young,us taxpayers,11920,
2018,MI,7,Gretchen Driskell,democrat,136330,Tim Walberg
2018,MI,7,Tim Walberg,republican,158730,
2018,MI,8,Brian Ellison,libertarian,6302,Elissa Slotkin
2018,MI,8,David J. Lillis,us taxpayers,2629,
2018,MI,8,Elissa Slotkin,democrat,172880,
2018,MI,8,Mike Bishop,republican,159782,
2018,MI,9,Andrea Kirby,working class,6797,Andy Levin
2018,MI,9,Andy Levin,democrat,181734,
2018,MI,9,Candius Stearns,republican,112123,
2018,MI,9,John V. McDermott,green,3909,
2018,MI,10,Harley Mikkelson,green,2851,Paul Mitchell
2018,MI,10,Jeremy Peruski,no  affiliation,11344,
2018,MI,10,Kimberly Bizon,democrat,106061,
2018,MI,10,Paul Mitchell,republican,182808,
2018,MI,11,Cooper Nye,no  affiliation,4727,Haley Stevens
2018,MI,11,Haley Stevens,democrat,181912,
2018,MI,11,Lena Epstein,republican,158463,
2018,MI,11,Leonard Schwartz,libertarian,5799,
2018,MI,12,Debbie Dingell,democrat,200588,Debbie Dingell
2018,MI,12,Gary Walkowicz,working class,6712,
2018,MI,12,Jeff Jones,republican,85115,
2018,MI,12,Niles Niemuth,no  affiliation,2213,
2018,MI,13,D. Etta Wilcoxon,green,7980,Rashida Tlaib
2018,MI,13,Rashida Tlaib,democrat,165355,
2018,MI,13,Sam Johnson,working class,22186,
2018,MI,13,NA,NA,778,
2018,MI,14,Brenda Lawrence,democrat,214334,Brenda Lawrence
2018,MI,14,Marc S. Herschfus,republican,45899,
2018,MI,14,Philip Kolody,working class,4761,
2018,MN,1,Jim Hagedorn,republican,146200,Jim Hagedorn
2018,MN,1,Dan Feehan,democratic-farmer-labor,144885,
2018,MN,1,NA,NA,576,
2018,MN,2,Jason Lewis,republican,159344,Angie Craig
2018,MN,2,Angie Craig,democratic-farmer-labor,177958,
2018,MN,2,NA,NA,666,
2018,MN,3,Erik Paulsen,republican,160839,Dean Phillips
2018,MN,3,Dean Phillips,democratic-farmer-labor,202404,
2018,MN,3,NA,NA,706,
2018,MN,4,Greg Ryan,republican,97747,Betty McCollum
2018,MN,4,Betty McCollum,democratic-farmer-labor,216865,
2018,MN,4,Susan Pendergast Sindt,legal marijuana now,13776,
2018,MN,4,NA,NA,226,
2018,MN,5,Jennifer Zielinski,republican,74440,Ilhan Omar
2018,MN,5,Ilhan Omar,democratic-farmer-labor,267703,
2018,MN,5,NA,NA,1215,
2018,MN,6,Tom Emmer,republican,192931,Tom Emmer
2018,MN,6,Ian Todd,democratic-farmer-labor,122332,
2018,MN,6,NA,NA,463,
2018,MN,7,Dave Hughes,republican,134668,Collin C. Peterson
2018,MN,7,Collin C. Peterson,democratic-farmer-labor,146672,
2018,MN,7,NA,NA,169,
2018,MN,8,Pete Stauber,republican,159364,Pete Stauber
2018,MN,8,Joe Radinovich,democratic-farmer-labor,141950,
2018,MN,8,Ray Skip Sandman,independence,12741,
2018,MN,8,NA,NA,156,
2018,MS,1,Trent Kelly,republican,158245,Trent Kelly
2018,MS,1,Randy Mack Wadkins,democrat,76601,
2018,MS,1,Tracella Lou O'Hara Hill,reform,1675,
2018,MS,2,Bennie G. Thompson,democrat,158921,Bennie G. Thompson
2018,MS,2,Irving Harris,reform,14354,
2018,MS,2,Troy Ray,independent,48104,
2018,MS,3,Michael Ted Evans,democrat,94461,Michael Guest
2018,MS,3,Michael Guest,republican,160284,
2018,MS,3,Matthew Holland,reform,2526,
2018,MS,4,Jeramey Anderson,democrat,68787,Steven Palazzo
2018,MS,4,Steven Palazzo,republican,152633,
2018,MS,4,Lajena Sheets,reform,2312,
2018,MO,1,Robert Vroman,republican,45867,Lacy Clay
2018,MO,1,Lacy Clay,democrat,219781,
2018,MO,1,Robb Cunningham,libertarian,8727,
2018,MO,2,Ann Wagner,republican,192477,Ann Wagner
2018,MO,2,Cort VanOstran,democrat,177611,
2018,MO,2,Larry A. Kirk,libertarian,4229,
2018,MO,2,David Justus Arnold,green,1740,
2018,MO,2,NA,NA,9,
2018,MO,3,Blaine Luetkemeyer,republican,211243,Blaine Luetkemeyer
2018,MO,3,Katy Geppert,democrat,106589,
2018,MO,3,Donald V. Stolle,libertarian,6776,
2018,MO,4,Vicky Hartzler,republican,190138,Vicky Hartzler
2018,MO,4,Renee Hoagenson,democrat,95968,
2018,MO,4,Mark Bliss,libertarian,7210,
2018,MO,5,Jacob Turk,republican,101069,"Emanuel Cleaver, II"
2018,MO,5,"Emanuel Cleaver, II",democrat,175019,
2018,MO,5,Alexander Howell,libertarian,4725,
2018,MO,5,Maurice Copeland,green,2091,
2018,MO,5,E.C. Fredland,constitution,876,
2018,MO,5,NA,NA,5,
2018,MO,6,Sam Graves,republican,199796,Sam Graves
2018,MO,6,Henry Robert Martin,democrat,97660,
2018,MO,6,Dan Hogan,libertarian,7953,
2018,MO,7,Billy Long,republican,196343,Billy Long
2018,MO,7,Jamie Daniel Schoolcraft,democrat,89190,
2018,MO,7,Benjamin T. Brixey,libertarian,10920,
2018,MO,7,NA,NA,2,
2018,MO,8,Jason Smith,republican,194042,Jason Smith
2018,MO,8,Kathy Ellis,democrat,66151,
2018,MO,8,Jonathan L. Shell,libertarian,4206,
2018,MT,0,Greg Gianforte,republican,256661,Greg Gianforte
2018,MT,0,Kathleen Williams,democrat,233284,
2018,MT,0,Elinor Swanson,libertarian,14476,
2018,NE,1,Jeff Fortenberry,republican,141712,Jeff Fortenberry
2018,NE,1,Jessica McClure,democrat,93069,
2018,NE,2,Don Bacon,republican,126715,Don Bacon
2018,NE,2,Kara Eastman,democrat,121770,
2018,NE,3,Adrian Smith,republican,163650,Adrian Smith
2018,NE,3,Paul Theobald,democrat,49654,
2018,NV,1,Dina Titus,democrat,100707,Dina Titus
2018,NV,1,Joyce Bentley,republican,46978,
2018,NV,1,Dan Garfield,independent american,2454,
2018,NV,1,Robert Strawder,libertarian,2062,
2018,NV,2,Mark E. Amodei,republican,167435,Mark E. Amodei
2018,NV,2,Clint Koble,democrat,120102,
2018,NV,3,Susie Lee,democrat,148501,Susie Lee
2018,NV,3,Danny Tarkanian,republican,122566,
2018,NV,3,Steve Brown,libertarian,4555,
2018,NV,3,David Gooseen,independent,3627,
2018,NV,3,Harry L. Vickers,independent american,3481,
2018,NV,3,Gil Eisner,independent,1887,
2018,NV,3,Tony Gumina,independent,1551,
2018,NV,4,Steven A. Horsford,democrat,121962,Steven A. Horsford
2018,NV,4,Cresent Hardy,republican,102748,
2018,NV,4,Warren Ross Markowitz,independent american,3180,
2018,NV,4,Rodney Smith,independent,2733,
2018,NV,4,Gregg Luckner,libertarian,2213,
2018,NV,4,Dean McGonigle,independent,2032,
2018,NH,1,Eddie Edwards,republican,130996,Chris Pappas
2018,NH,1,Chris Pappas,democrat,155884,
2018,NH,1,Dan Belforti,libertarian,4048,
2018,NH,1,NA,NA,111,
2018,NH,2,Steven Negron,republican,117990,Anne McLane Kuster
2018,NH,2,Anne McLane Kuster,democrat,155358,
2018,NH,2,Justin O'Donnell,libertarian,6206,
2018,NH,2,NA,NA,151,
2018,NJ,1,Donald W. Norcross,democrat,169628,Donald W. Norcross
2018,NJ,1,Paul E. Dilks,republican,87617,
2018,NJ,1,Robert Shapiro,libertarian,2821,
2018,NJ,1,Paul Hamlin,we deserve better,2368,
2018,NJ,1,Mohammad Kabir,your voice hard,984,
2018,NJ,2,Jeff Van Drew,democrat,136685,Jeff Van Drew
2018,NJ,2,Seth Grossman,republican,116866,
2018,NJ,2,John Ordille,libertarian,1726,
2018,NJ,2,Steven Fenichel,time for truth,1154,
2018,NJ,2,Anthony Parisi Sanchez,cannot be bought,1064,
2018,NJ,2,William R. Benfer,other,868,
2018,NJ,3,Andy Kim,democrat,153473,Andy Kim
2018,NJ,3,Tom MacArthur,republican,149500,
2018,NJ,3,Lawrence Berlinski,constitution,3902,
2018,NJ,4,Christopher H. Smith,republican,163065,Christopher H. Smith
2018,NJ,4,Joshua Welle,democrat,126766,
2018,NJ,4,Michael Rufo,libertarian,1387,
2018,NJ,4,Edward C. Stackhouse Jr.,ed the barber,1064,
2018,NJ,4,Brian J. Reynolds,check this column,851,
2018,NJ,4,Felicia Stoler,the inclusion candidate,844,
2018,NJ,4,Allen Yusufov,time for change,371,
2018,NJ,5,Josh Gottheimer,democrat,169546,Josh Gottheimer
2018,NJ,5,John J. McCann Jr.,republican,128255,
2018,NJ,5,James Tosone,libertarian,2115,
2018,NJ,5,Wendy W. Goetz,"trade, health, environment",1907,
2018,NJ,6,Frank Pallone Jr.,democrat,140752,Frank Pallone Jr.
2018,NJ,6,Richard J. Pezzullo,republican,80443,
2018,NJ,7,Tom Malinowski,democrat,166985,Tom Malinowski
2018,NJ,7,Leonard Lance,republican,150785,
2018,NJ,7,Diane Moxley,green,2676,
2018,NJ,7,Gregg Mele,"freedom, responsibility, action",2296,
2018,NJ,8,Albio Sires,democrat,119881,Albio Sires
2018,NJ,8,John R. Muniz,republican,28725,
2018,NJ,8,Mahmoud Mahmoud,new way forward,3658,
2018,NJ,8,Dan Delaney,libertarian,1191,
2018,NJ,9,Bill Pascrell Jr.,democrat,140832,Bill Pascrell Jr.
2018,NJ,9,Eric P. Fisher,republican,57854,
2018,NJ,9,Claudio Belusic,libertarian,1730,
2018,NJ,10,Donald M. Payne Jr.,democrat,175253,Donald M. Payne Jr.
2018,NJ,10,Agha Khan,republican,20191,
2018,NJ,10,Cynthia Johnson,c4c 2018,2070,
2018,NJ,10,Joanne Miller,never give up,2038,
2018,NJ,10,Scott Diroma,libertarian,607,
2018,NJ,11,Mikie Sherrill,democrat,183684,Mikie Sherrill
2018,NJ,11,Jay Webber,republican,136322,
2018,NJ,11,Robert F. Crook,"honesty, integrity, compassion",2182,
2018,NJ,11,Ryan Martinez,libertarian,1386,
2018,NJ,12,Bonnie Watson Coleman,democrat,173334,Bonnie Watson Coleman
2018,NJ,12,Daryl Kipnis,republican,79041,
2018,NM,1,Debra A Haaland,democrat,147336,Debra A Haaland
2018,NM,1,Lloyd J Princeton,libertarian,11319,
2018,NM,1,Janice E Arnold-Jones,republican,90507,
2018,NM,2,Xochitl Torres Small,democrat,101489,Xochitl Torres Small
2018,NM,2,Yvette Herrell,republican,97767,
2018,NM,3,Ben R Lujan,democrat,155201,Ben R Lujan
2018,NM,3,Christopher Manning,libertarian,13265,
2018,NM,3,Jerald Steve McFall,republican,76427,
2018,NY,1,Perry Gershon,democrat,124213,Perry Gershon
2018,NY,1,Lee M. Zeldin,republican,121562,
2018,NY,1,Lee M. Zeldin,conservative,14284,
2018,NY,1,Perry Gershon,working families,3778,
2018,NY,1,Lee M. Zeldin,independence,2693,
2018,NY,1,Kate M. Browning,women's equality,2988,
2018,NY,1,Lee M. Zeldin,reform,488,
2018,NY,1,NA,NA,47,
2018,NY,2,Liuba Grechen Shirley,democrat,108803,Peter T. King
2018,NY,2,Peter T. King,republican,112565,
2018,NY,2,Peter T. King,conservative,12504,
2018,NY,2,Liuba Grechen Shirley,working families,2799,
2018,NY,2,Peter T. King,independence,2535,
2018,NY,2,Liuba Grechen Shirley,women's equality,1472,
2018,NY,2,Peter T. King,reform,474,
2018,NY,2,Peter T. King,tax revolt,0,
2018,NY,2,NA,NA,65,
2018,NY,3,Thomas R. Suozzi,democrat,149937,Thomas R. Suozzi
2018,NY,3,Dan P. DeBono,republican,98716,
2018,NY,3,Dan P. DeBono,conservative,10798,
2018,NY,3,Thomas R. Suozzi,working families,2838,
2018,NY,3,Thomas R. Suozzi,independence,2962,
2018,NY,3,Thomas R. Suozzi,women's equality,1376,
2018,NY,3,Thomas R. Suozzi,reform,343,
2018,NY,3,NA,NA,92,
2018,NY,4,Kathleen M. Rice,democrat,156728,Kathleen M. Rice
2018,NY,4,Ameer N. Benno,republican,90306,
2018,NY,4,Ameer N. Benno,conservative,9709,
2018,NY,4,Kathleen M. Rice,women's equality,2807,
2018,NY,4,Ameer N. Benno,reform,556,
2018,NY,4,NA,NA,100,
2018,NY,5,Gregory W. Meeks,democrat,160500,Gregory W. Meeks
2018,NY,5,NA,NA,971,
2018,NY,6,Grace Meng,democrat,104293,Grace Meng
2018,NY,6,Thomas J. Hillgardner,green,11209,
2018,NY,6,Grace Meng,working families,6429,
2018,NY,6,Grace Meng,reform,924,
2018,NY,6,NA,NA,566,
2018,NY,7,Nydia M. Velazquez,democrat,134125,Nydia M. Velazquez
2018,NY,7,Joseph Lieberman,conservative,8670,
2018,NY,7,Nydia M. Velazquez,working families,12562,
2018,NY,7,Jeffrey M. Kurzon,reform,1740,
2018,NY,7,NA,NA,205,
2018,NY,8,Hakeem S. Jeffries,democrat,170850,Hakeem S. Jeffries
2018,NY,8,Ernest C. Johnson,conservative,9997,
2018,NY,8,Hakeem S. Jeffries,working families,9526,
2018,NY,8,Jessica L. White,reform,1031,
2018,NY,8,NA,NA,163,
2018,NY,9,Yvette D. Clarke,democrat,167269,Yvette D. Clarke
2018,NY,9,Lutchi Gayot,republican,18702,
2018,NY,9,Lutchi Gayot,conservative,2199,
2018,NY,9,Yvette D. Clarke,working families,14186,
2018,NY,9,Joel Anabilah-Azumah,reform,779,
2018,NY,9,NA,NA,288,
2018,NY,10,Jerrold L. Nadler,democrat,162131,Jerrold L. Nadler
2018,NY,10,Naomi Levin,republican,33692,
2018,NY,10,Naomi Levin,conservative,3259,
2018,NY,10,Jerrold L. Nadler,working families,10964,
2018,NY,10,Naomi Levin,reform,668,
2018,NY,10,NA,NA,244,
2018,NY,11,Max N. Rose,democrat,96850,Max N. Rose
2018,NY,11,Dan Donovan,republican,80440,
2018,NY,11,Dan Donovan,conservative,7352,
2018,NY,11,Henry J. Bardel,green,774,
2018,NY,11,Max N. Rose,working families,3894,
2018,NY,11,Dan Donovan,independence,1302,
2018,NY,11,Max N. Rose,women's equality,1079,
2018,NY,11,Dan Donovan,reform,347,
2018,NY,11,NA,NA,135,
2018,NY,12,Carolyn B. Maloney,democrat,205858,Carolyn B. Maloney
2018,NY,12,Eliot Rabin,republican,30446,
2018,NY,12,Scott Hutchins,green,3728,
2018,NY,12,Carolyn B. Maloney,working families,10972,
2018,NY,12,Carolyn B. Maloney,reform,600,
2018,NY,12,NA,NA,273,
2018,NY,13,Adriano Espaillat,democrat,171341,Adriano Espaillat
2018,NY,13,Jineea Butler,republican,9535,
2018,NY,13,Adriano Espaillat,working families,8694,
2018,NY,13,Jineea Butler,reform,733,
2018,NY,13,NA,NA,385,
2018,NY,14,Alexandria Ocasio-Cortez,democrat,110318,Alexandria Ocasio-Cortez
2018,NY,14,Anthony Pappas,republican,19202,
2018,NY,14,Elizabeth Perri,conservative,2254,
2018,NY,14,Joseph Crowley,working families,8075,
2018,NY,14,Joseph Crowley,women's equality,1273,
2018,NY,14,NA,NA,82,
2018,NY,15,Jose E. Serrano,democrat,122007,Jose E. Serrano
2018,NY,15,Jason D. Gonzalez,republican,4566,
2018,NY,15,Jason D. Gonzalez,conservative,639,
2018,NY,15,Jose E. Serrano,working families,2462,
2018,NY,15,NA,NA,77,
2018,NY,16,Eliot L. Engel,democrat,172815,Eliot L. Engel
2018,NY,16,Eliot L. Engel,working families,6755,
2018,NY,16,Eliot L. Engel,women's equality,2474,
2018,NY,16,NA,NA,1312,
2018,NY,17,Nita M. Lowey,democrat,159923,Nita M. Lowey
2018,NY,17,Nita M. Lowey,working families,7336,
2018,NY,17,Nita M. Lowey,women's equality,2909,
2018,NY,17,Joseph J. Ciardullo,reform,23150,
2018,NY,17,NA,NA,523,
2018,NY,18,Sean Patrick Maloney,democrat,126368,Sean Patrick Maloney
2018,NY,18,James O'Donnell,republican,96345,
2018,NY,18,James O'Donnell,conservative,14484,
2018,NY,18,Sean Patrick Maloney,working families,3929,
2018,NY,18,Sean Patrick Maloney,independence,7726,
2018,NY,18,Sean Patrick Maloney,women's equality,1541,
2018,NY,18,James O'Donnell,reform,1206,
2018,NY,18,NA,NA,91,
2018,NY,19,Antonio Delgado,democrat,135582,Antonio Delgado
2018,NY,19,John J. Faso,republican,112304,
2018,NY,19,John J. Faso,conservative,16906,
2018,NY,19,Steven Greenfield,green,4313,
2018,NY,19,Antonio Delgado,working families,9237,
2018,NY,19,John J. Faso,independence,3009,
2018,NY,19,Antonio Delgado,women's equality,3054,
2018,NY,19,John J. Faso,reform,654,
2018,NY,19,Diane Neal,independent,2835,
2018,NY,19,NA,NA,92,
2018,NY,20,Paul D. Tonko,democrat,161330,Paul D. Tonko
2018,NY,20,Joe Vitollo,republican,89058,
2018,NY,20,Paul D. Tonko,working families,10129,
2018,NY,20,Paul D. Tonko,women's equality,3712,
2018,NY,20,Paul D. Tonko,reform,1640,
2018,NY,20,NA,NA,145,
2018,NY,21,Tedra L. Cobb,democrat,93394,Elise M. Stefanik
2018,NY,21,Elise M. Stefanik,republican,116433,
2018,NY,21,Elise M. Stefanik,conservative,11398,
2018,NY,21,Lynn Kahn,green,3437,
2018,NY,21,Tedra L. Cobb,working families,4425,
2018,NY,21,Elise M. Stefanik,independence,3369,
2018,NY,21,Tedra L. Cobb,women's equality,1972,
2018,NY,21,Elise M. Stefanik,reform,781,
2018,NY,21,NA,NA,58,
2018,NY,22,Anthony J. Brindisi,democrat,116001,Anthony J. Brindisi
2018,NY,22,Claudia Tenney,republican,110125,
2018,NY,22,Claudia Tenney,conservative,12061,
2018,NY,22,Anthony J. Brindisi,working families,4651,
2018,NY,22,Anthony J. Brindisi,independence,5673,
2018,NY,22,Anthony J. Brindisi,women's equality,1390,
2018,NY,22,Claudia Tenney,reform,1056,
2018,NY,22,NA,NA,255,
2018,NY,23,Tracy Mitrano,democrat,100914,"Thomas W. Reed, II"
2018,NY,23,"Thomas W. Reed, II",republican,114722,
2018,NY,23,"Thomas W. Reed, II",conservative,12274,
2018,NY,23,Tracy Mitrano,working families,6464,
2018,NY,23,"Thomas W. Reed, II",independence,3327,
2018,NY,23,Tracy Mitrano,women's equality,2554,
2018,NY,23,NA,NA,119,
2018,NY,24,Dana Balter,democrat,115902,Dana Balter
2018,NY,24,John M. Katko,republican,113538,
2018,NY,24,John M. Katko,conservative,16972,
2018,NY,24,Dana Balter,working families,4784,
2018,NY,24,John M. Katko,independence,5454,
2018,NY,24,Dana Balter,women's equality,2540,
2018,NY,24,John M. Katko,reform,956,
2018,NY,24,NA,NA,331,
2018,NY,25,Joseph D. Morelle,democrat,147979,Joseph D. Morelle
2018,NY,25,Jim Maxwell,republican,91342,
2018,NY,25,Jim Maxwell,conservative,17781,
2018,NY,25,Joseph D. Morelle,working families,4575,
2018,NY,25,Joseph D. Morelle,independence,4585,
2018,NY,25,Joseph D. Morelle,women's equality,2105,
2018,NY,25,Jim Maxwell,reform,1613,
2018,NY,25,NA,NA,140,
2018,NY,26,Brian Higgins,democrat,156968,Brian Higgins
2018,NY,26,Renee M. Zeno,republican,61488,
2018,NY,26,Brian Higgins,working families,8929,
2018,NY,26,Brian Higgins,women's equality,3269,
2018,NY,26,NA,NA,9,
2018,NY,27,Nathan D. McMurray,democrat,128167,Nathan D. McMurray
2018,NY,27,Chris Collins,republican,114506,
2018,NY,27,Chris Collins,conservative,23553,
2018,NY,27,Nathan D. McMurray,working families,8090,
2018,NY,27,Chris Collins,independence,2087,
2018,NY,27,Nathan D. McMurray,women's equality,2802,
2018,NY,27,Larry Piegza,reform,5973,
2018,NY,27,NA,NA,122,
2018,NC,1,G. K. Butterfield,democrat,190457,G. K. Butterfield
2018,NC,1,Roger W. Allison,republican,82218,
2018,NC,2,George Holding,republican,170072,George Holding
2018,NC,2,Linda Coleman,democrat,151977,
2018,NC,2,Jeff Matemu,libertarian,9655,Walter B. Jones
2018,NC,3,Walter B. Jones,republican,187901,
2018,NC,4,David Price,democrat,247067,David Price
2018,NC,4,Steve A. (Von) Loor,republican,82052,
2018,NC,4,Barbara Howe,libertarian,12284,
2018,NC,5,Virginia Foxx,republican,159917,Virginia Foxx
2018,NC,5,DD Adams,democrat,120468,
2018,NC,6,B. Mark Walker,republican,160709,B. Mark Walker
2018,NC,6,Ryan Watts,democrat,123651,
2018,NC,7,David Rouzer,republican,156809,David Rouzer
2018,NC,7,Kyle Horton,democrat,120838,
2018,NC,7,David W. Fallin,constitution,4665,
2018,NC,8,Richard Hudson,republican,141402,Richard Hudson
2018,NC,8,Frank McNeill,democrat,114119,
2018,NC,9,Mark Harris,republican,139246,Mark Harris
2018,NC,9,Dan McCready,democrat,138341,
2018,NC,9,Jeff Scott,libertarian,5130,
2018,NC,10,Patrick McHenry,republican,164969,Patrick McHenry
2018,NC,10,David Wilson Brown,democrat,113259,
2018,NC,11,Mark Meadows,republican,178012,Mark Meadows
2018,NC,11,Phillip G. Price,democrat,116508,
2018,NC,11,"Clifton B. Ingram, Jr.",libertarian,6146,
2018,NC,12,Alma Adams,democrat,203974,Alma Adams
2018,NC,12,Paul Wright,republican,75164,
2018,NC,13,Ted Budd,republican,147570,Ted Budd
2018,NC,13,Kathy Manning,democrat,130402,
2018,NC,13,Tom Bailey,libertarian,5513,
2018,NC,13,Robert Corriher,green,2831,
2018,ND,0,Kelly Armstrong,republican,193568,Kelly Armstrong
2018,ND,0,Mac Schneider,democratic-npl,114377,
2018,ND,0,Charles Tuttle,independent,13066,
2018,ND,0,NA,NA,521,
2018,OH,1,Steve Chabot,republican,154409,Steve Chabot
2018,OH,1,NA,NA,5,
2018,OH,1,Dirk Kubala,libertarian,5339,
2018,OH,1,Aftab Pureval,democrat,141118,
2018,OH,2,NA,NA,8,Brad Wenstrup
2018,OH,2,James J. Condit Jr,green,3606,
2018,OH,2,Jill Schiller,democrat,119333,
2018,OH,2,Brad Wenstrup,republican,166714,
2018,OH,3,Joyce Beatty,democrat,181575,Joyce Beatty
2018,OH,3,Jim Burgess,republican,65040,
2018,OH,3,NA,NA,62,
2018,OH,4,Janet Garrett,democrat,89412,Jim Jordan
2018,OH,4,Jim Jordan,republican,167993,
2018,OH,5,J. Michael Galbraith,democrat,99655,Bob Latta
2018,OH,5,Don Kissick,libertarian,7393,
2018,OH,5,Bob Latta,republican,176569,
2018,OH,6,Bill Johnson,republican,172774,Bill Johnson
2018,OH,6,Shawna Roberts,democrat,76716,
2018,OH,7,Bob Gibbs,republican,153117,Bob Gibbs
2018,OH,7,Ken Harbaugh,democrat,107536,
2018,OH,8,Warren Davidson,republican,173852,Warren Davidson
2018,OH,8,Vanessa Enoch,democrat,87281,
2018,OH,9,Marcy Kaptur,democrat,157219,Marcy Kaptur
2018,OH,9,Steven W. Kraus,republican,74670,
2018,OH,9,NA,NA,48,
2018,OH,10,Theresa A. Gasper,democrat,118785,Mike Turner
2018,OH,10,David A. Harlow,libertarian,5387,
2018,OH,10,Mike Turner,republican,157554,
2018,OH,11,NA,NA,36,Marcia L. Fudge
2018,OH,11,Marcia L. Fudge,democrat,206138,
2018,OH,11,Beverly A. Goldstein,republican,44486,
2018,OH,12,Troy Balderson,republican,175677,Troy Balderson
2018,OH,12,NA,NA,1,
2018,OH,12,Joe Manchik,green,4718,
2018,OH,12,Danny O'Connor,democrat,161251,
2018,OH,13,Chris DePizzo,republican,98047,Tim Ryan
2018,OH,13,Tim Ryan,democrat,153323,
2018,OH,14,David P. Joyce,republican,169809,David P. Joyce
2018,OH,14,Betsy Rader,democrat,137549,
2018,OH,15,Johnathan Miller,libertarian,5738,Steve Stivers
2018,OH,15,Rick Neal,democrat,116112,
2018,OH,15,Steve Stivers,republican,170593,
2018,OH,16,Anthony Gonzalez,republican,170029,Anthony Gonzalez
2018,OH,16,Susan Moran Palmer,democrat,129681,
2018,OK,1,Kevin Hern,republican,150129,Kevin Hern
2018,OK,1,Tim Gilpin,democrat,103042,
2018,OK,2,Richard Castaldo,libertarian,4140,Markwayne Mullin
2018,OK,2,Markwayne Mullin,republican,140451,
2018,OK,2,Jason Nichols,democrat,65021,
2018,OK,2,John Foreman,independent,6390,
2018,OK,3,Frank D. Lucas,republican,172913,Frank D. Lucas
2018,OK,3,Frankie Robbins,democrat,61152,
2018,OK,4,Tom Cole,republican,149227,Tom Cole
2018,OK,4,Mary Brannon,democrat,78088,
2018,OK,4,Ruby Peters,independent,9323,
2018,OK,5,Steve Russell,republican,117811,Kendra Horn
2018,OK,5,Kendra Horn,democrat,121149,
2018,OR,1,Drew A Layda,libertarian,15121,Suzanne Bonamici
2018,OR,1,Suzanne Bonamici,democrat,231198,
2018,OR,1,John Verbeek,republican,116446,
2018,OR,1,NA,NA,484,
2018,OR,2,Mark R Roberts,independent,15536,Greg Walden
2018,OR,2,Greg Walden,republican,207597,
2018,OR,2,Jamie McLeod-Skinner,democrat,145298,
2018,OR,2,NA,NA,278,
2018,OR,3,Marc W Koller,independent,21352,Earl Blumenauer
2018,OR,3,Earl Blumenauer,democrat,279019,
2018,OR,3,Gary Lyndon Dye,libertarian,5767,
2018,OR,3,Michael Marsh,constitution,1487,
2018,OR,3,Tom Harrison,republican,76187,
2018,OR,3,NA,NA,514,
2018,OR,4,Art Robinson,republican,152414,Peter DeFazio
2018,OR,4,Richard R Jacobson,libertarian,5370,
2018,OR,4,Mike Beilstein,pacific green,5956,
2018,OR,4,Peter DeFazio,democrat,208710,
2018,OR,4,NA,NA,443,
2018,OR,5,Mark Callahan,republican,149887,Kurt Schrader
2018,OR,5,Dan Souza,libertarian,6054,
2018,OR,5,Marvin Sandnes,pacific green,4802,
2018,OR,5,Kurt Schrader,democrat,197187,
2018,OR,5,NA,NA,539,
2018,PA,1,Henry Scott__Wallace,democrat,160745,Brian K. Fitzpatrick
2018,PA,1,Brian K. Fitzpatrick,republican,169053,
2018,PA,2,Brendan F. Boyle,democrat,159600,Brendan F. Boyle
2018,PA,2,David__Torres,republican,42382,
2018,PA,3,Dwight Evans,democrat,287610,Dwight Evans
2018,PA,3,Bryan E__Leib,republican,20387,
2018,PA,4,Madeleine Dean Cunnane,democrat,211524,Madeleine Dean Cunnane
2018,PA,4,Daniel__David,republican,121467,
2018,PA,5,Mary Gay Scanlon,democrat,198639,Mary Gay Scanlon
2018,PA,5,Pearl__Kim,republican,106075,
2018,PA,6,Christina Jampoler Houlahan,democrat,177704,Christina Jampoler Houlahan
2018,PA,6,Gregory Michael  Mccauley Sr.,republican,124124,
2018,PA,7,Susan Ellis Wild,democrat,140813,Susan Ellis Wild
2018,PA,7,Martin W__Nothstein,republican,114437,
2018,PA,7,Tim__Silfies,libertarian,8011,
2018,PA,8,Matthew Alton Cartwright,democrat,135603,Matthew Alton Cartwright
2018,PA,8,John Robert__Chrin,republican,112563,
2018,PA,9,Dennis__Wolff,democrat,100204,Daniel Meuser
2018,PA,9,Daniel Meuser,republican,148723,
2018,PA,10,George B__Scott,democrat,141668,Scott G Perry
2018,PA,10,Scott G Perry,republican,149365,
2018,PA,11,Jessica__King,democrat,113876,Lloyd K Smucker
2018,PA,11,Lloyd K Smucker,republican,163708,
2018,PA,12,Marc__Friedenberg,democrat,82825,Thomas A Marino
2018,PA,12,Thomas A Marino,republican,161047,
2018,PA,13,Brent M__Ottaway,democrat,74733,John Joyce
2018,PA,13,John Joyce,republican,178533,
2018,PA,14,Bibiana__Boerio,democrat,110051,Guy L Reschenthaler
2018,PA,14,Guy L Reschenthaler,republican,151386,
2018,PA,15,Susan__Boser,democrat,78327,Glenn William  Thompson Jr.
2018,PA,15,Glenn William  Thompson Jr.,republican,165245,
2018,PA,16,Ronald A__Dinicola,democrat,124109,George J  Kelly Jr.
2018,PA,16,George J  Kelly Jr.,republican,135348,
2018,PA,16,Ebert G Bill__Beeman,libertarian,2939,
2018,PA,17,Conor James__Lamb,democrat,183162,Conor James__Lamb
2018,PA,17,Keith__Rothfus,republican,142417,
2018,PA,18,Michael F  Doyle Jr.,democrat,231472,Michael F  Doyle Jr.
2018,RI,1,David N. Cicilline,democrat,116099,David N. Cicilline
2018,RI,1,Patrick J. Donovan,republican,57567,
2018,RI,1,NA,NA,417,
2018,RI,2,James R. Langevin,democrat,126476,James R. Langevin
2018,RI,2,Salvatore G. Caiozzo,republican,72271,
2018,RI,2,NA,NA,450,
2018,SC,1,Joe Cunningham,democrat,145455,Joe Cunningham
2018,SC,1,Katie Arrington,republican,141473,
2018,SC,1,NA,NA,505,
2018,SC,2,Sean Carrigan,democrat,109199,Joe Wilson
2018,SC,2,Joe Wilson,republican,144642,
2018,SC,2,Sonny Narang,american,3111,
2018,SC,2,NA,NA,187,
2018,SC,3,Mary Geren,democrat,70046,Jeff Duncan
2018,SC,3,Jeff Duncan,republican,153338,
2018,SC,3,Dave Moore,american,2697,
2018,SC,3,NA,NA,123,
2018,SC,4,Brandon P Brown,democrat,89182,William Timmons
2018,SC,4,William Timmons,republican,145321,
2018,SC,4,Guy V Furay,american,9203,
2018,SC,4,NA,NA,244,
2018,SC,5,Archie Parnell,democrat,103129,Ralph W Norman
2018,SC,5,Michael Chandler,constitution,3443,
2018,SC,5,Ralph W Norman,republican,141757,
2018,SC,5,NA,NA,250,
2018,SC,6,James E Jim Clyburn,democrat,144765,James E Jim Clyburn
2018,SC,6,Bryan Pugh,green,3214,
2018,SC,6,Gerhard R Gressmann,republican,58282,
2018,SC,6,NA,NA,172,
2018,SC,7,Robert Williams,democrat,96564,Tom Rice
2018,SC,7,Tom Rice,republican,142681,
2018,SC,7,NA,NA,309,
2018,SD,0,George D. Hendrickson,libertarian,4896,
2018,SD,0,"Dustin """"Dusty"""" Johnson",republican,202446,
2018,SD,0,Tim Bjorkman,democrat,120816,
2018,SD,0,Ron Wieczorek,independent,7313,
2018,TN,1,Marty Olsen,democrat,47138,Phil Roe
2018,TN,1,Michael D. Salyer,independent,4309,
2018,TN,1,Phil Roe,republican,172835,
2018,TN,2,Greg Samples,independent,967,Tim Burchett
2018,TN,2,Jeffrey A. Grunau,independent,657,
2018,TN,2,Keith A. LaTorre,independent,349,
2018,TN,2,Marc Whitmire,independent,637,
2018,TN,2,Renee Hoyos,democrat,86668,
2018,TN,2,Tim Burchett,republican,172856,
2018,TN,3,Chuck Fleischmann,republican,156512,Chuck Fleischmann
2018,TN,3,Danielle Mitchell,democrat,84731,
2018,TN,3,Rick Tyler,independent,4522,
2018,TN,4,Mariah Phillips,democrat,78065,Scott DesJarlais
2018,TN,4,Michael Shupe,independent,7056,
2018,TN,4,Scott DesJarlais,republican,147323,
2018,TN,4,NA,NA,7,
2018,TN,5,Jim Cooper,democrat,177923,Jim Cooper
2018,TN,5,Jody M. Ball,republican,84317,
2018,TN,5,NA,NA,8,
2018,TN,6,David Ross,independent,3426,John Rose
2018,TN,6,Dawn Barlow,democrat,70370,
2018,TN,6,John Rose,republican,172810,
2018,TN,6,Lloyd Dunn,independent,2134,
2018,TN,7,Brent Legendre,independent,1070,Mark E. Green
2018,TN,7,Justin Kanew,democrat,81661,
2018,TN,7,Leonard D. (Lenny) Ladner,independent,1582,
2018,TN,7,Mark E. Green,republican,170071,
2018,TN,8,David Kustoff,republican,168030,David Kustoff
2018,TN,8,Erika Stotts Pearson,democrat,74755,
2018,TN,8,James Hart,independent,5560,
2018,TN,9,Charlotte Bergmann,republican,34901,Steve Cohen
2018,TN,9,Leo AwGoWhat,independent,1436,
2018,TN,9,Steve Cohen,democrat,145139,
2018,TX,1,Louie Gohmert,republican,168165,Louie Gohmert
2018,TX,1,Shirley J. McKellar,democrat,61263,
2018,TX,1,Jeff Callaway,libertarian,3292,
2018,TX,2,Dan Crenshaw,republican,139188,Dan Crenshaw
2018,TX,2,Todd Litton,democrat,119992,
2018,TX,2,Patrick Gunnels,libertarian,2373,
2018,TX,2,Scott Cubbler,independent,1839,
2018,TX,3,Van Taylor,republican,169520,Van Taylor
2018,TX,3,Lorie Burch,democrat,138234,
2018,TX,3,Christopher J. Claytor,libertarian,4604,
2018,TX,3,NA,NA,153,
2018,TX,4,John Ratcliffe,republican,188667,John Ratcliffe
2018,TX,4,Catherine Krantz,democrat,57400,
2018,TX,4,Ken Ashby,libertarian,3178,
2018,TX,5,Lance Gooden,republican,130617,Lance Gooden
2018,TX,5,Dan Wood,democrat,78666,
2018,TX,5,NA,NA,224,
2018,TX,6,Ron Wright,republican,135961,Ron Wright
2018,TX,6,Jana Lynne Sanchez,democrat,116350,
2018,TX,6,Jason Allen Harber,libertarian,3731,
2018,TX,7,John Culberson,republican,115642,Lizzie Pannill Fletcher
2018,TX,7,Lizzie Pannill Fletcher,democrat,127959,
2018,TX,8,Kevin Brady,republican,200619,Kevin Brady
2018,TX,8,Steven David,democrat,67930,
2018,TX,8,Chris Duncan,libertarian,4621,
2018,TX,9,Al Green,democrat,136256,Al Green
2018,TX,9,Phil Kurtz,libertarian,5940,
2018,TX,9,Benjamin Hernandez,independent,5774,
2018,TX,9,Kesha Rogers,independent,5031,
2018,TX,10,Michael T. McCaul,republican,157166,Michael T. McCaul
2018,TX,10,Mike Siegel,democrat,144034,
2018,TX,10,Mike Ryan,libertarian,6627,
2018,TX,11,Mike Conaway,republican,176603,Mike Conaway
2018,TX,11,Jennie Lou Leeder,democrat,40631,
2018,TX,11,Rhett Rosenquest Smith,libertarian,3143,
2018,TX,12,Kay Granger,republican,172557,Kay Granger
2018,TX,12,Vanessa Adia,democrat,90994,
2018,TX,12,Jacob Leddy,libertarian,4940,
2018,TX,13,Mac Thornberry,republican,169027,Mac Thornberry
2018,TX,13,Greg Sagan,democrat,35083,
2018,TX,13,Calvin DeWeese,libertarian,3175,
2018,TX,14,Randy Weber,republican,138942,Randy Weber
2018,TX,14,Adrienne Bell,democrat,92212,
2018,TX,14,Don E. Conley III,libertarian,3374,
2018,TX,15,Tim Westley,republican,63862,Vicente Gonzalez
2018,TX,15,Vicente Gonzalez,democrat,98333,
2018,TX,15,Anthony Cristo,libertarian,2607,
2018,TX,16,Rick Seeberger,republican,49127,Veronica Escobar
2018,TX,16,Veronica Escobar,democrat,124437,
2018,TX,16,Ben Mendoza,independent,8147,
2018,TX,16,NA,NA,43,
2018,TX,17,Bill Flores,republican,134841,Bill Flores
2018,TX,17,Rick Kennedy,democrat,98070,
2018,TX,17,Peter Churchman,libertarian,4440,
2018,TX,18,Ava Reynero Pate,republican,38368,Sheila Jackson Lee
2018,TX,18,Sheila Jackson Lee,democrat,138704,
2018,TX,18,Luke Spencer,libertarian,4067,
2018,TX,18,Vince Duncan,independent,3193,
2018,TX,19,Jodey Arrington,republican,151946,Jodey Arrington
2018,TX,19,Miguel Levario,democrat,50039,
2018,TX,20,Joaquin Castro,democrat,139038,Joaquin Castro
2018,TX,20,Jeffrey Blunt,libertarian,32925,
2018,TX,21,Chip Roy,republican,177654,Chip Roy
2018,TX,21,Joseph Kopser,democrat,168421,
2018,TX,21,Lee Santos,libertarian,7542,
2018,TX,22,Pete Olson,republican,152750,Pete Olson
2018,TX,22,Sri Preston Kulkarni,democrat,138153,
2018,TX,22,John B. McElligott,libertarian,3261,
2018,TX,22,Kellen Sweny,independent,3241,
2018,TX,23,Will Hurd,republican,103285,Will Hurd
2018,TX,23,Gina Ortiz Jones,democrat,102359,
2018,TX,23,Ruben Corvalan,libertarian,4425,
2018,TX,24,Kenny E Marchant,republican,133317,Kenny E Marchant
2018,TX,24,Jan McDowell,democrat,125231,
2018,TX,24,Mike Kolls,libertarian,4870,
2018,TX,25,Roger Williams,republican,163023,Roger Williams
2018,TX,25,Julie Oliver,democrat,136385,
2018,TX,25,Desarae Lindsey,libertarian,5145,
2018,TX,26,Michael C. Burgess,republican,185551,Michael C. Burgess
2018,TX,26,Linsey Fagan,democrat,121938,
2018,TX,26,Mark Boler,libertarian,5016,
2018,TX,27,Michael Cloud,republican,125118,Michael Cloud
2018,TX,27,Eric Holguin,democrat,75929,
2018,TX,27,Daniel Tinus,libertarian,2100,
2018,TX,27,James Duerr,independent,4274,
2018,TX,28,Henry Cuellar,democrat,117494,Henry Cuellar
2018,TX,28,Arthur Thomas IV,libertarian,21732,
2018,TX,29,Phillip Aronoff,republican,28098,Sylvia R. Garcia
2018,TX,29,Sylvia R. Garcia,democrat,88188,
2018,TX,29,Cullen Burns,libertarian,1199,
2018,TX,29,NA,NA,9,
2018,TX,30,Eddie Bernice Johnson,democrat,166784,Eddie Bernice Johnson
2018,TX,30,Shawn Jones,libertarian,16390,
2018,TX,31,John Carter,republican,144680,John Carter
2018,TX,31,"Mary Jennings """"""""MJ"""""""" Hegar",democrat,136362,
2018,TX,31,Jason Hope,libertarian,4965,
2018,TX,32,Pete Sessions,republican,126101,Colin Allred
2018,TX,32,Colin Allred,democrat,144067,
2018,TX,32,Melina Baker,libertarian,5452,
2018,TX,33,Willie Billups,republican,26120,Marc Veasey
2018,TX,33,Marc Veasey,democrat,90805,
2018,TX,33,Jason Reeves,libertarian,2299,
2018,TX,34,Rey Gonzalez,republican,57243,Filemon B. Vela
2018,TX,34,Filemon B. Vela,democrat,85825,
2018,TX,35,David Smalling,republican,50553,Lloyd Doggett
2018,TX,35,Lloyd Doggett,democrat,138278,
2018,TX,35,Clark Patterson,libertarian,5236,
2018,TX,36,Brian Babin,republican,161048,Brian Babin
2018,TX,36,Dayna Steele,democrat,60908,
2018,UT,1,Lee Castillo,democrat,63308,Rob Bishop
2018,UT,1,Rob Bishop,republican,156692,
2018,UT,1,Eric Eliason,independent,29547,
2018,UT,1,Adam Davis,green,4786,
2018,UT,2,Chris Stewart,republican,151489,Chris Stewart
2018,UT,2,Jeffrey Whipple,libertarian,13504,
2018,UT,2,Shireen Ghorbani,democrat,105051,
2018,UT,3,John Curtis,republican,174856,John Curtis
2018,UT,3,James Courage Singer,democrat,70686,
2018,UT,3,Timothy L. Zeidner,united utah,6630,
2018,UT,3,Gregory C. Duerden,independent american,6686,
2018,UT,4,Mia B. Love,republican,134270,Ben McAdams
2018,UT,4,Ben McAdams,democrat,134964,
2018,UT,4,NA,NA,37,
2018,VT,0,Cris Ericson,independent,9110,
2018,VT,0,Laura S. Potter,liberty union,3924,
2018,VT,0,Anya Tynio,republican,70705,
2018,VT,0,Peter Welch,democrat,188547,
2018,VT,0,NA,NA,165,
2018,VA,1,"Robert J. """"Rob"""" Wittman",republican,183250,"Robert J. """"Rob"""" Wittman"
2018,VA,1,Vangie A. Williams,democrat,148464,
2018,VA,1,NA,NA,387,
2018,VA,2,Scott W. Taylor,republican,133458,Elaine G. Luria
2018,VA,2,Elaine G. Luria,democrat,139571,
2018,VA,2,NA,NA,371,
2018,VA,3,"Robert C. """"Bobby"""" Scott",democrat,198615,"Robert C. """"Bobby"""" Scott"
2018,VA,3,NA,NA,19107,
2018,VA,4,Ryan A. McAdams,republican,107706,A. Donald McEachin
2018,VA,4,A. Donald McEachin,democrat,187642,
2018,VA,4,"Peter J. """"Pete"""" Wells",libertarian,4233,
2018,VA,4,NA,NA,273,
2018,VA,5,"Denver L. Riggleman, III",republican,165339,"Denver L. Riggleman, III"
2018,VA,5,Leslie C. Cockburn,democrat,145040,
2018,VA,5,NA,NA,547,
2018,VA,6,Ben L. Cline,republican,167957,Ben L. Cline
2018,VA,6,Jennifer Lynn Lewis,democrat,113133,
2018,VA,6,NA,NA,287,
2018,VA,7,Dave A. Brat,republican,169295,Abigail A. Spanberger
2018,VA,7,Abigail A. Spanberger,democrat,176079,
2018,VA,7,Joseph B. Walton,libertarian,4216,
2018,VA,7,NA,NA,213,
2018,VA,8,Thomas S. Oh,republican,76899,"Donald S. Beyer, Jr."
2018,VA,8,"Donald S. Beyer, Jr.",democrat,247137,
2018,VA,8,NA,NA,712,
2018,VA,9,H. Morgan Griffith,republican,160933,H. Morgan Griffith
2018,VA,9,Anthony J. Flaccavento,democrat,85833,
2018,VA,9,NA,NA,214,
2018,VA,10,Barbara J. Comstock,republican,160841,Jennifer T. Wexton
2018,VA,10,Jennifer T. Wexton,democrat,206356,
2018,VA,10,NA,NA,598,
2018,VA,11,Jeff A. Dove Jr.,republican,83023,Gerald Edward Connolly
2018,VA,11,Gerald Edward Connolly,democrat,219191,
2018,VA,11,Stevan M. Porter,libertarian,5546,
2018,VA,11,NA,NA,490,
2018,WA,1,Suzan DelBene,democrat,197209,Suzan DelBene
2018,WA,1,Jeffrey Beeler,republican,135534,
2018,WA,2,Rick Larsen,democrat,210187,Rick Larsen
2018,WA,2,Brian Luke,libertarian,84646,
2018,WA,3,Jaime Herrera Beutler,republican,161819,Jaime Herrera Beutler
2018,WA,3,Carolyn Long,democrat,145407,
2018,WA,4,Dan Newhouse,republican,141551,Dan Newhouse
2018,WA,4,Christine Brown,democrat,83785,
2018,WA,5,Cathy McMorris Rodgers,republican,175422,Cathy McMorris Rodgers
2018,WA,5,Lisa Brown,democrat,144925,
2018,WA,6,Derek Kilmer,democrat,206409,Derek Kilmer
2018,WA,6,Douglas Dightman,republican,116677,
2018,WA,7,Pramila Jayapal,democrat,329800,Pramila Jayapal
2018,WA,7,Craig Keller,republican,64881,
2018,WA,8,Dino Rossi,republican,148968,Kim Schrier
2018,WA,8,Kim Schrier,democrat,164089,
2018,WA,9,Adam Smith,democrat,163345,Adam Smith
2018,WA,9,Sarah Smith,democrat,77222,
2018,WA,10,Denny Heck,democrat,166215,Denny Heck
2018,WA,10,Joseph Brumbles,republican,103860,
2018,WV,1,David B McKinley,republican,127997,David B McKinley
2018,WV,1,Kendra Fershee,democrat,70217,
2018,WV,2,Alex X. Mooney,republican,110504,Alex X. Mooney
2018,WV,2,Talley Sergent,democrat,88011,
2018,WV,2,"Daniel P. """"Danny"""" Lutz Jr.",mountain,6277,
2018,WV,3,Carol Miller,republican,98645,Carol Miller
2018,WV,3,Richard Ojeda II,democrat,76340,
2018,WI,1,Bryan Steil,republican,177492,Bryan Steil
2018,WI,1,Randy Bryce,democrat,137508,
2018,WI,1,Ken Yorgan,independent,10006,
2018,WI,1,NA,NA,311,
2018,WI,2,Mark Pocan,democrat,309116,Mark Pocan
2018,WI,2,NA,NA,8179,
2018,WI,3,Steve Toft,republican,126980,Ron Kind
2018,WI,3,Ron Kind,democrat,187888,
2018,WI,3,NA,NA,121,
2018,WI,4,Tim Rogers,republican,59091,Gwen S. Moore
2018,WI,4,Gwen S. Moore,democrat,206487,
2018,WI,4,Robert R. Raymond,independent,7170,
2018,WI,4,NA,NA,339,
2018,WI,5,"F. James Sensenbrenner, Jr.",republican,225619,"F. James Sensenbrenner, Jr."
2018,WI,5,Tom Palzewicz,democrat,138385,
2018,WI,5,NA,NA,284,
2018,WI,6,Glenn Grothman,republican,180311,Glenn Grothman
2018,WI,6,Dan Kohl,democrat,144536,
2018,WI,6,NA,NA,218,
2018,WI,7,Sean P. Duffy,republican,194061,Sean P. Duffy
2018,WI,7,Margaret Engebretson,democrat,124307,
2018,WI,7,Ken Driessen,independent,4416,
2018,WI,7,NA,NA,56,
2018,WI,8,Mike Gallagher,republican,209410,Mike Gallagher
2018,WI,8,Beau Liegeois,democrat,119265,
2018,WI,8,NA,NA,99,
2018,WY,0,Liz Cheney,republican,127963,
2018,WY,0,Greg Hunter,democrat,59903,
2018,WY,0,Richard Brubaker,libertarian,6918,
2018,WY,0,Daniel Clyde Cummings,constitution,6070,
2018,WY,0,NA,NA,391,
